-- phpMyAdmin SQL Dump
-- version 5.1.0
-- https://www.phpmyadmin.net/
--
-- Servidor: 127.0.0.1
-- Tiempo de generación: 21-07-2022 a las 07:42:59
-- Versión del servidor: 8.0.26
-- Versión de PHP: 8.0.6

SET SQL_MODE = "NO_AUTO_VALUE_ON_ZERO";
START TRANSACTION;
SET time_zone = "+00:00";


/*!40101 SET @OLD_CHARACTER_SET_CLIENT=@@CHARACTER_SET_CLIENT */;
/*!40101 SET @OLD_CHARACTER_SET_RESULTS=@@CHARACTER_SET_RESULTS */;
/*!40101 SET @OLD_COLLATION_CONNECTION=@@COLLATION_CONNECTION */;
/*!40101 SET NAMES utf8mb4 */;

--
-- Base de datos: `login`
--

-- --------------------------------------------------------

--
-- Estructura de tabla para la tabla `actividad`
--

CREATE TABLE `actividad` (
  `act_id` int NOT NULL,
  `act_nombre` varchar(500) NOT NULL
) ENGINE=InnoDB DEFAULT CHARSET=utf8mb4 COLLATE=utf8mb4_0900_ai_ci;

--
-- Volcado de datos para la tabla `actividad`
--

INSERT INTO `actividad` (`act_id`, `act_nombre`) VALUES
(1, 'IDENTIFICAR LOS LINEAMIENTOS INSTITUCIONALES RELACIONADOS CON LA FORMACIÒN PROFESIONAL INTEGRAL Y PRESENTACIÓN DEL PROYECTO FORMATIVO'),
(2, 'IDENTIFICAR LOS LINEAMIENTOS INSTITUCIONALES RELACIONADOS CON LA FORMACIÒN PROFESIONAL INTEGRAL Y PRESENTACIÓN DEL PROYECTO FORMATIVO'),
(3, 'IDENTIFICAR LOS LINEAMIENTOS INSTITUCIONALES RELACIONADOS CON LA FORMACIÒN PROFESIONAL INTEGRAL Y PRESENTACIÓN DEL PROYECTO FORMATIVO'),
(4, 'IDENTIFICAR LOS LINEAMIENTOS INSTITUCIONALES RELACIONADOS CON LA FORMACIÒN PROFESIONAL INTEGRAL Y PRESENTACIÓN DEL PROYECTO FORMATIVO'),
(5, 'IDENTIFICAR LOS LINEAMIENTOS INSTITUCIONALES RELACIONADOS CON LA FORMACIÒN PROFESIONAL INTEGRAL Y PRESENTACIÓN DEL PROYECTO FORMATIVO'),
(6, 'DETERMINAR LAS ESPECIFICACIONES FUNCIONALES DEL SISTEMA DE INFORMACIÓN.'),
(7, 'DETERMINAR LAS ESPECIFICACIONES FUNCIONALES DEL SISTEMA DE INFORMACIÓN.'),
(8, 'DETERMINAR LAS ESPECIFICACIONES FUNCIONALES DEL SISTEMA DE INFORMACIÓN.'),
(9, 'DETERMINAR LAS ESPECIFICACIONES FUNCIONALES DEL SISTEMA DE INFORMACIÓN.');

-- --------------------------------------------------------

--
-- Estructura de tabla para la tabla `centro`
--

CREATE TABLE `centro` (
  `centro_id` int NOT NULL,
  `centro_nombre` varchar(100) DEFAULT NULL,
  `centro_direccion` varchar(30) DEFAULT NULL,
  `centro_telefono` int DEFAULT NULL,
  `centro_regional` int DEFAULT NULL
) ENGINE=InnoDB DEFAULT CHARSET=utf8mb4 COLLATE=utf8mb4_0900_ai_ci;

-- --------------------------------------------------------

--
-- Estructura de tabla para la tabla `centro_tiene_programa`
--

CREATE TABLE `centro_tiene_programa` (
  `centroprograma_id` int NOT NULL,
  `centro_id` int DEFAULT NULL,
  `progra_id` int DEFAULT NULL
) ENGINE=InnoDB DEFAULT CHARSET=utf8mb4 COLLATE=utf8mb4_0900_ai_ci;

-- --------------------------------------------------------

--
-- Estructura de tabla para la tabla `competencia`
--

CREATE TABLE `competencia` (
  `comp_id` int NOT NULL,
  `comp_nombre` varchar(500) CHARACTER SET utf8mb4 COLLATE utf8mb4_0900_ai_ci DEFAULT NULL
) ENGINE=InnoDB DEFAULT CHARSET=utf8mb4 COLLATE=utf8mb4_0900_ai_ci;

--
-- Volcado de datos para la tabla `competencia`
--

INSERT INTO `competencia` (`comp_id`, `comp_nombre`) VALUES
(1, 'PROMOVER LA INTERACCION IDONEA CONSIGO MISMO, CON LOS DEMAS Y CON LA NATURALEZA EN LOS CONTEXTOS LABORAL Y SOCIAL.'),
(2, 'PROMOVER LA INTERACCION IDONEA CONSIGO MISMO, CON LOS DEMAS Y CON LA NATURALEZA EN LOS CONTEXTOS LABORAL Y SOCIAL.'),
(3, 'PROMOVER LA INTERACCION IDONEA CONSIGO MISMO, CON LOS DEMAS Y CON LA NATURALEZA EN LOS CONTEXTOS LABORAL Y SOCIAL.'),
(4, 'PROMOVER LA INTERACCION IDONEA CONSIGO MISMO, CON LOS DEMAS Y CON LA NATURALEZA EN LOS CONTEXTOS LABORAL Y SOCIAL.'),
(5, 'PROMOVER LA INTERACCION IDONEA CONSIGO MISMO, CON LOS DEMAS Y CON LA NATURALEZA EN LOS CONTEXTOS LABORAL Y SOCIAL.'),
(6, 'ANALIZAR LOS REQUISITOS DEL CLIENTE PARA CONSTRUIR EL SISTEMA DE INFORMACION.'),
(7, 'ANALIZAR LOS REQUISITOS DEL CLIENTE PARA CONSTRUIR EL SISTEMA DE INFORMACION.'),
(8, 'APLICAR BUENAS PRÁCTICAS DE CALIDAD EN EL PROCESO DE DESARROLLO DE SOFTWARE, DE ACUERDO CON EL REFERENTE ADOPTADO EN LA EMPRESA.'),
(9, 'COMPRENDER TEXTOS EN INGLÉS EN FORMA ESCRITA Y AUDITIVA'),
(10, 'COMPRENDER TEXTOS EN INGLÉS EN FORMA ESCRITA Y AUDITIVA'),
(11, 'ESPECIFICAR LOS REQUISITOS NECESARIOS PARA DESARROLLAR EL SISTEMA DE INFORMACION DE ACUERDO CON LAS NECESIDADES DEL CLIENTE.'),
(12, 'ESPECIFICAR LOS REQUISITOS NECESARIOS PARA DESARROLLAR EL SISTEMA DE INFORMACION DE ACUERDO CON LAS NECESIDADES DEL CLIENTE.'),
(13, 'PROMOVER LA INTERACCION IDONEA CONSIGO MISMO, CON LOS DEMAS Y CON LA NATURALEZA EN LOS CONTEXTOS LABORAL Y SOCIAL.'),
(14, 'PROMOVER LA INTERACCION IDONEA CONSIGO MISMO, CON LOS DEMAS Y CON LA NATURALEZA EN LOS CONTEXTOS LABORAL Y SOCIAL.'),
(15, 'ANALIZAR LOS REQUISITOS DEL CLIENTE PARA CONSTRUIR EL SISTEMA DE INFORMACION.'),
(16, 'ANALIZAR LOS REQUISITOS DEL CLIENTE PARA CONSTRUIR EL SISTEMA DE INFORMACION.'),
(17, 'ANALIZAR LOS REQUISITOS DEL CLIENTE PARA CONSTRUIR EL SISTEMA DE INFORMACION.'),
(18, 'COMPRENDER TEXTOS EN INGLÉS EN FORMA ESCRITA Y AUDITIVA'),
(19, 'ESPECIFICAR LOS REQUISITOS NECESARIOS PARA DESARROLLAR EL SISTEMA DE INFORMACION DE ACUERDO CON LAS NECESIDADES DEL CLIENTE.'),
(20, 'PARTICIPAR EN EL PROCESO DE NEGOCIACIÓN DE TECNOLOGÍA INFORMÁTICA PARA PERMITIR LA IMPLEMENTACIÓN DEL SISTEMA DE INFORMACIÓN.'),
(21, 'PRODUCIR TEXTOS EN INGLÉS EN FORMA ESCRITA Y ORAL.'),
(22, 'PROMOVER LA INTERACCION IDONEA CONSIGO MISMO, CON LOS DEMAS Y CON LA NATURALEZA EN LOS CONTEXTOS LABORAL Y SOCIAL.'),
(23, 'PROMOVER LA INTERACCION IDONEA CONSIGO MISMO, CON LOS DEMAS Y CON LA NATURALEZA EN LOS CONTEXTOS LABORAL Y SOCIAL.'),
(24, 'PROMOVER LA INTERACCION IDONEA CONSIGO MISMO, CON LOS DEMAS Y CON LA NATURALEZA EN LOS CONTEXTOS LABORAL Y SOCIAL.'),
(25, 'APLICAR BUENAS PRÁCTICAS DE CALIDAD EN EL PROCESO DE DESARROLLO DE SOFTWARE, DE ACUERDO CON EL REFERENTE ADOPTADO EN LA EMPRESA.'),
(26, 'COMPRENDER TEXTOS EN INGLÉS EN FORMA ESCRITA Y AUDITIVA'),
(27, 'COMPRENDER TEXTOS EN INGLÉS EN FORMA ESCRITA Y AUDITIVA'),
(28, 'DISEÑAR EL SISTEMA DE ACUERDO CON LOS REQUISITOS DEL CLIENTE.'),
(29, 'DISEÑAR EL SISTEMA DE ACUERDO CON LOS REQUISITOS DEL CLIENTE.'),
(30, 'DISEÑAR EL SISTEMA DE ACUERDO CON LOS REQUISITOS DEL CLIENTE.'),
(31, 'DISEÑAR EL SISTEMA DE ACUERDO CON LOS REQUISITOS DEL CLIENTE.'),
(32, 'DISEÑAR EL SISTEMA DE ACUERDO CON LOS REQUISITOS DEL CLIENTE.'),
(33, 'PARTICIPAR EN EL PROCESO DE NEGOCIACIÓN DE TECNOLOGÍA INFORMÁTICA PARA PERMITIR LA IMPLEMENTACIÓN DEL SISTEMA DE INFORMACIÓN.'),
(34, 'PARTICIPAR EN EL PROCESO DE NEGOCIACIÓN DE TECNOLOGÍA INFORMÁTICA PARA PERMITIR LA IMPLEMENTACIÓN DEL SISTEMA DE INFORMACIÓN.'),
(35, 'PRODUCIR TEXTOS EN INGLÉS EN FORMA ESCRITA Y ORAL.'),
(36, 'PRODUCIR TEXTOS EN INGLÉS EN FORMA ESCRITA Y ORAL.'),
(37, 'PROMOVER LA INTERACCION IDONEA CONSIGO MISMO, CON LOS DEMAS Y CON LA NATURALEZA EN LOS CONTEXTOS LABORAL Y SOCIAL.'),
(38, 'PROMOVER LA INTERACCION IDONEA CONSIGO MISMO, CON LOS DEMAS Y CON LA NATURALEZA EN LOS CONTEXTOS LABORAL Y SOCIAL.'),
(39, 'PROMOVER LA INTERACCION IDONEA CONSIGO MISMO, CON LOS DEMAS Y CON LA NATURALEZA EN LOS CONTEXTOS LABORAL Y SOCIAL.'),
(40, 'CONSTRUIR EL SISTEMA QUE CUMPLA CON LOS REQUISITOS DE LA SOLUCIÓN INFORMÁTICA.'),
(41, 'CONSTRUIR EL SISTEMA QUE CUMPLA CON LOS REQUISITOS DE LA SOLUCIÓN INFORMÁTICA.'),
(42, 'PROMOVER LA INTERACCION IDONEA CONSIGO MISMO, CON LOS DEMAS Y CON LA NATURALEZA EN LOS CONTEXTOS LABORAL Y SOCIAL.'),
(43, 'APLICAR BUENAS PRÁCTICAS DE CALIDAD EN EL PROCESO DE DESARROLLO DE SOFTWARE, DE ACUERDO CON EL REFERENTE ADOPTADO EN LA EMPRESA.'),
(44, 'COMPRENDER TEXTOS EN INGLÉS EN FORMA ESCRITA Y AUDITIVA'),
(45, 'CONSTRUIR EL SISTEMA QUE CUMPLA CON LOS REQUISITOS DE LA SOLUCIÓN INFORMÁTICA.'),
(46, 'CONSTRUIR EL SISTEMA QUE CUMPLA CON LOS REQUISITOS DE LA SOLUCIÓN INFORMÁTICA.'),
(47, 'CONSTRUIR EL SISTEMA QUE CUMPLA CON LOS REQUISITOS DE LA SOLUCIÓN INFORMÁTICA.'),
(48, 'DISEÑAR EL SISTEMA DE ACUERDO CON LOS REQUISITOS DEL CLIENTE.'),
(49, 'PRODUCIR TEXTOS EN INGLÉS EN FORMA ESCRITA Y ORAL.'),
(50, 'APLICAR BUENAS PRÁCTICAS DE CALIDAD EN EL PROCESO DE DESARROLLO DE SOFTWARE, DE ACUERDO CON EL REFERENTE ADOPTADO EN LA EMPRESA.'),
(51, 'APLICAR BUENAS PRÁCTICAS DE CALIDAD EN EL PROCESO DE DESARROLLO DE SOFTWARE, DE ACUERDO CON EL REFERENTE ADOPTADO EN LA EMPRESA.'),
(52, 'COMPRENDER TEXTOS EN INGLÉS EN FORMA ESCRITA Y AUDITIVA'),
(53, 'PARTICIPAR EN EL PROCESO DE NEGOCIACIÓN DE TECNOLOGÍA INFORMÁTICA PARA PERMITIR LA IMPLEMENTACIÓN DEL SISTEMA DE INFORMACIÓN.'),
(54, 'PRODUCIR TEXTOS EN INGLÉS EN FORMA ESCRITA Y ORAL.'),
(55, 'PRODUCIR TEXTOS EN INGLÉS EN FORMA ESCRITA Y ORAL.'),
(56, 'APLICAR BUENAS PRÁCTICAS DE CALIDAD EN EL PROCESO DE DESARROLLO DE SOFTWARE, DE ACUERDO CON EL REFERENTE ADOPTADO EN LA EMPRESA.'),
(57, 'CONSTRUIR EL SISTEMA QUE CUMPLA CON LOS REQUISITOS DE LA SOLUCIÓN INFORMÁTICA.'),
(58, 'CONSTRUIR EL SISTEMA QUE CUMPLA CON LOS REQUISITOS DE LA SOLUCIÓN INFORMÁTICA.'),
(59, 'IMPLANTAR LA SOLUCIÓN QUE CUMPLA CON LOS REQUISITOS PARA SU OPERACIÓN.'),
(60, 'IMPLANTAR LA SOLUCIÓN QUE CUMPLA CON LOS REQUISITOS PARA SU OPERACIÓN.'),
(61, 'PRODUCIR TEXTOS EN INGLÉS EN FORMA ESCRITA Y ORAL.'),
(62, 'PRODUCIR TEXTOS EN INGLÉS EN FORMA ESCRITA Y ORAL.'),
(63, 'IMPLANTAR LA SOLUCIÓN QUE CUMPLA CON LOS REQUISITOS PARA SU OPERACIÓN.'),
(64, 'IMPLANTAR LA SOLUCIÓN QUE CUMPLA CON LOS REQUISITOS PARA SU OPERACIÓN.'),
(65, 'IMPLANTAR LA SOLUCIÓN QUE CUMPLA CON LOS REQUISITOS PARA SU OPERACIÓN.'),
(66, 'RESULTADOS DE APRENDIZAJE ETAPA PRACTICA');

-- --------------------------------------------------------

--
-- Estructura de tabla para la tabla `fase`
--

CREATE TABLE `fase` (
  `fase_id` int NOT NULL,
  `fase_nombre` varchar(30) DEFAULT NULL
) ENGINE=InnoDB DEFAULT CHARSET=utf8mb4 COLLATE=utf8mb4_0900_ai_ci;

--
-- Volcado de datos para la tabla `fase`
--

INSERT INTO `fase` (`fase_id`, `fase_nombre`) VALUES
(1, 'INDUCCIÓN'),
(2, 'IDENTIFICACIÓN'),
(3, 'ANÁLISIS'),
(4, 'DISEÑO'),
(5, 'DESARROLLO'),
(6, 'IMPLANTACIÓN'),
(7, 'EVALUACIÓN');

-- --------------------------------------------------------

--
-- Estructura de tabla para la tabla `fichas`
--

CREATE TABLE `fichas` (
  `id_ficha` int NOT NULL,
  `tipo_programa` enum('Especialización','Tecnólogo','Técnico') CHARACTER SET utf8mb4 COLLATE utf8mb4_0900_ai_ci DEFAULT NULL,
  `nombre_programa` int NOT NULL,
  `lider_ficha` int NOT NULL
) ENGINE=InnoDB DEFAULT CHARSET=utf8mb4 COLLATE=utf8mb4_0900_ai_ci;

--
-- Volcado de datos para la tabla `fichas`
--

INSERT INTO `fichas` (`id_ficha`, `tipo_programa`, `nombre_programa`, `lider_ficha`) VALUES
(2068060, 'Tecnólogo', 1, 2);

-- --------------------------------------------------------

--
-- Estructura de tabla para la tabla `programa`
--

CREATE TABLE `programa` (
  `id_programa` int NOT NULL,
  `pro_nombre` varchar(50) NOT NULL
) ENGINE=InnoDB DEFAULT CHARSET=utf8mb4 COLLATE=utf8mb4_0900_ai_ci;

--
-- Volcado de datos para la tabla `programa`
--

INSERT INTO `programa` (`id_programa`, `pro_nombre`) VALUES
(1, 'Análisis y desarrollo de sistemas de información'),
(2, 'Ganaderia'),
(3, 'Especies Menores');

-- --------------------------------------------------------

--
-- Estructura de tabla para la tabla `rap`
--

CREATE TABLE `rap` (
  `id` int NOT NULL,
  `ficha_id` int DEFAULT NULL,
  `fase_id` int DEFAULT NULL,
  `act_id` int DEFAULT NULL,
  `rcp_id` int DEFAULT NULL,
  `fecha_inicio` date DEFAULT NULL,
  `fecha_fin` date DEFAULT NULL,
  `estado` enum('Evaluado','Pendiente','En ejecución','') DEFAULT 'Pendiente',
  `observacion` varchar(200) CHARACTER SET utf8mb4 COLLATE utf8mb4_0900_ai_ci DEFAULT '-'
) ENGINE=InnoDB DEFAULT CHARSET=utf8mb4 COLLATE=utf8mb4_0900_ai_ci;

--
-- Volcado de datos para la tabla `rap`
--

INSERT INTO `rap` (`id`, `ficha_id`, `fase_id`, `act_id`, `rcp_id`, `fecha_inicio`, `fecha_fin`, `estado`, `observacion`) VALUES
(286, 2068060, NULL, NULL, 1, NULL, NULL, 'Pendiente', '-'),
(287, 2068060, NULL, NULL, 2, NULL, NULL, 'Pendiente', '-'),
(288, 2068060, NULL, NULL, 3, NULL, NULL, 'Pendiente', '-'),
(289, 2068060, NULL, NULL, 4, NULL, NULL, 'Pendiente', '-'),
(290, 2068060, NULL, NULL, 5, NULL, NULL, 'Pendiente', '-'),
(291, 2068060, NULL, NULL, 6, NULL, NULL, 'Pendiente', '-'),
(292, 2068060, NULL, NULL, 7, NULL, NULL, 'Pendiente', '-'),
(293, 2068060, NULL, NULL, 8, NULL, NULL, 'Pendiente', '-'),
(294, 2068060, NULL, NULL, 9, NULL, NULL, 'Pendiente', '-'),
(295, 2068060, NULL, NULL, 10, NULL, NULL, 'Pendiente', '-'),
(296, 2068060, NULL, NULL, 11, NULL, NULL, 'Pendiente', '-'),
(297, 2068060, NULL, NULL, 12, NULL, NULL, 'Pendiente', '-'),
(298, 2068060, NULL, NULL, 13, NULL, NULL, 'Pendiente', '-'),
(299, 2068060, NULL, NULL, 14, NULL, NULL, 'Pendiente', '-'),
(300, 2068060, NULL, NULL, 15, NULL, NULL, 'Pendiente', '-'),
(301, 2068060, NULL, NULL, 16, NULL, NULL, 'Pendiente', '-'),
(302, 2068060, NULL, NULL, 17, NULL, NULL, 'Pendiente', '-'),
(303, 2068060, NULL, NULL, 18, NULL, NULL, 'Pendiente', '-'),
(304, 2068060, NULL, NULL, 19, NULL, NULL, 'Pendiente', '-'),
(305, 2068060, NULL, NULL, 20, NULL, NULL, 'Pendiente', '-'),
(306, 2068060, NULL, NULL, 21, NULL, NULL, 'Pendiente', '-'),
(307, 2068060, NULL, NULL, 22, NULL, NULL, 'Pendiente', '-'),
(308, 2068060, NULL, NULL, 23, NULL, NULL, 'Pendiente', '-'),
(309, 2068060, NULL, NULL, 24, NULL, NULL, 'Pendiente', '-'),
(310, 2068060, NULL, NULL, 25, NULL, NULL, 'Pendiente', '-'),
(311, 2068060, NULL, NULL, 26, NULL, NULL, 'Pendiente', '-'),
(312, 2068060, NULL, NULL, 27, NULL, NULL, 'Pendiente', '-'),
(313, 2068060, NULL, NULL, 28, NULL, NULL, 'Pendiente', '-'),
(314, 2068060, NULL, NULL, 29, NULL, NULL, 'Pendiente', '-'),
(315, 2068060, NULL, NULL, 30, NULL, NULL, 'Pendiente', '-'),
(316, 2068060, NULL, NULL, 31, NULL, NULL, 'Pendiente', '-'),
(317, 2068060, NULL, NULL, 32, NULL, NULL, 'Pendiente', '-'),
(318, 2068060, NULL, NULL, 33, NULL, NULL, 'Pendiente', '-'),
(319, 2068060, NULL, NULL, 34, NULL, NULL, 'Pendiente', '-'),
(320, 2068060, NULL, NULL, 35, NULL, NULL, 'Pendiente', '-'),
(321, 2068060, NULL, NULL, 36, NULL, NULL, 'Pendiente', '-'),
(322, 2068060, NULL, NULL, 37, NULL, NULL, 'Pendiente', '-'),
(323, 2068060, NULL, NULL, 38, NULL, NULL, 'Pendiente', '-'),
(324, 2068060, NULL, NULL, 39, NULL, NULL, 'Pendiente', '-'),
(325, 2068060, NULL, NULL, 40, NULL, NULL, 'Pendiente', '-'),
(326, 2068060, NULL, NULL, 41, NULL, NULL, 'Pendiente', '-'),
(327, 2068060, NULL, NULL, 42, NULL, NULL, 'Pendiente', '-'),
(328, 2068060, NULL, NULL, 43, NULL, NULL, 'Pendiente', '-'),
(329, 2068060, NULL, NULL, 44, NULL, NULL, 'Pendiente', '-'),
(330, 2068060, NULL, NULL, 45, NULL, NULL, 'Pendiente', '-'),
(331, 2068060, NULL, NULL, 46, NULL, NULL, 'Pendiente', '-'),
(332, 2068060, NULL, NULL, 47, NULL, NULL, 'Pendiente', '-'),
(333, 2068060, NULL, NULL, 48, NULL, NULL, 'Pendiente', '-'),
(334, 2068060, NULL, NULL, 49, NULL, NULL, 'Pendiente', '-'),
(335, 2068060, NULL, NULL, 50, NULL, NULL, 'Pendiente', '-'),
(336, 2068060, NULL, NULL, 51, NULL, NULL, 'Pendiente', '-'),
(337, 2068060, NULL, NULL, 52, '2022-07-20', '2022-07-20', 'Evaluado', '-'),
(338, 2068060, NULL, NULL, 53, NULL, NULL, 'Pendiente', '-'),
(339, 2068060, NULL, NULL, 54, NULL, NULL, 'Pendiente', '-'),
(340, 2068060, NULL, NULL, 55, NULL, NULL, 'Pendiente', '-'),
(341, 2068060, NULL, NULL, 56, NULL, NULL, 'Pendiente', '-'),
(342, 2068060, NULL, NULL, 57, NULL, NULL, 'Pendiente', '-'),
(343, 2068060, NULL, NULL, 58, NULL, NULL, 'Pendiente', '-'),
(344, 2068060, NULL, NULL, 59, NULL, NULL, 'Pendiente', '-'),
(345, 2068060, NULL, NULL, 60, NULL, NULL, 'Pendiente', '-'),
(346, 2068060, NULL, NULL, 61, NULL, NULL, 'Pendiente', '-'),
(347, 2068060, NULL, NULL, 62, NULL, NULL, 'Pendiente', '-'),
(348, 2068060, NULL, NULL, 63, NULL, NULL, 'Pendiente', '-'),
(349, 2068060, NULL, NULL, 64, NULL, NULL, 'Pendiente', '-'),
(350, 2068060, NULL, NULL, 65, NULL, NULL, 'Pendiente', '-'),
(351, 2068060, NULL, NULL, 66, NULL, NULL, 'Pendiente', '-');

-- --------------------------------------------------------

--
-- Estructura de tabla para la tabla `regional`
--

CREATE TABLE `regional` (
  `reg_id` int NOT NULL,
  `reg_nombre` varchar(100) DEFAULT NULL,
  `reg_direccion` varchar(30) DEFAULT NULL,
  `reg_telefono` int DEFAULT NULL,
  `reg_usuario` int DEFAULT NULL
) ENGINE=InnoDB DEFAULT CHARSET=utf8mb4 COLLATE=utf8mb4_0900_ai_ci;

-- --------------------------------------------------------

--
-- Estructura de tabla para la tabla `resultados`
--

CREATE TABLE `resultados` (
  `id` int NOT NULL,
  `resultado` varchar(500) NOT NULL,
  `tipo_resultado` enum('Específico','Institucional','Clave','Transversal') NOT NULL
) ENGINE=InnoDB DEFAULT CHARSET=utf8mb4 COLLATE=utf8mb4_0900_ai_ci;

--
-- Volcado de datos para la tabla `resultados`
--

INSERT INTO `resultados` (`id`, `resultado`, `tipo_resultado`) VALUES
(1, 'ASUMIR LOS DEBERES Y DERECHOS CON BASE EN LAS LEYES Y LA NORMATIVA INSTITUCIONAL EN EL MARCO DE SU PROYECTO DE VIDA.', 'Institucional'),
(2, 'CONCERTAR ALTERNATIVAS Y ACCIONES DE FORMACIÓN PARA EL DESARROLLO DE LAS COMPETENCIAS DEL PROGRAMA FORMACIÓN, CON BASE EN LA POLÍTICA INSTITUCIONAL.', 'Institucional'),
(3, 'GESTIONAR LA INFORMACIÓN DE ACUERDO CON LOS PROCEDIMIENTOS ESTABLECIDOS Y CON LAS TECNOLOGÍAS DE LA INFORMACIÓN Y LA COMUNICACIÓN DISPONIBLES.', 'Institucional'),
(4, 'IDENTIFICAR LAS OPORTUNIDADES QUE EL SENA OFRECE EN EL MARCO DE LA FORMACIÓN PROFESIONAL DE ACUERDO CON EL CONTEXTO NACIONAL E INTERNACIONAL.', 'Institucional'),
(5, 'RECONOCER EL ROL DE LOS PARTICIPANTES EN EL PROCESO FORMATIVO, EL PAPEL DE LOS AMBIENTES DE APRENDIZAJE Y LA METODOLOGÍA DE FORMACIÓN, DE ACUERDO CON LA DINÁMICA ORGANIZACIONAL DEL SENA', 'Institucional'),
(6, 'INTERPRETAR EL INFORME DE REQUERIMIENTOS, PARA DETERMINAR LASNECESIDADES TECNOLÓGICAS EN EL MANEJO DE LA INFORMACIÓN, DE ACUERDOCON LAS NORMAS Y PROTOCOLOS ESTABLECIDOS EN LA EMPRESA', 'Específico'),
(7, 'VALORAR LA INCIDENCIA DE LOS DATOS EN LOS PROCESOS DEL MACROSISTEMA,TOMANDO COMO REFERENTE EL DICCIONARIO DE DATOS Y LASMINIESPECIFICACIONES, PARA LA CONSOLIDACIÓN DE LOS DATOS QUE INTERVIENEN,DE ACUERDO CON PARÁMETROS ESTABLECIDOS.', 'Específico'),
(8, 'IDENTIFICAR LAS CARACTERÍSTICAS DE LOS PROCESOS DE DESARROLLO DESOFTWARE, FRENTE AL REFERENTE DE CALIDAD ADOPTADO POR LA EMPRESA,AJUSTÁNDOLOS A LOS RESULTADOS DE LAS MEDICIONES, EVALUACIONES YRECOMENDACIONES REALIZADAS', 'Específico'),
(9, 'COMPRENDER FRASES Y VOCABULARIO HABITUAL SOBRE TEMAS DE INTERÉS PERSONAL Y TEMAS TÉCNICOS', 'Clave'),
(10, 'COMPRENDER LA IDEA PRINCIPAL EN AVISOS Y MENSAJES BREVES, CLAROS Y SENCILLOS EN INGLÉS TÉCNICO', 'Clave'),
(11, 'APLICAR LAS TÉCNICAS DE RECOLECCIÓN DE DATOS , DISEÑANDO LOSINSTRUMENTOS NECESARIOS PARA EL PROCESAMIENTO DE INFORMACIÓN, DEACUERDO CON LA SITUACIÓN PLANTEADA POR LA EMPRESA', 'Específico'),
(12, 'ELABORAR MAPAS DE PROCESOS QUE PERMITAN IDENTIFICAR LAS ÁREASINVOLUCRADAS EN UN SISTEMA DE INFORMACIÓN, UTILIZANDO HERRAMIENTASINFORMÁTICAS Y LAS TICS, PARA GENERAR INFORMES SEGÚN LAS NECESIDADES DELA EMPRESA', 'Específico'),
(13, 'INTERACTUAR EN LOS CONTEXTOS PRODUCTIVOS Y SOCIALES EN FUNCIÓN DE LOS PRINCIPIOS Y VALORES UNIVERSALES.', 'Transversal'),
(14, 'REDIMENSIONAR PERMANENTEMENTE SU PROYECTO DE VIDA DE ACUERDO CON LAS CIRCUNSTANCIAS DEL CONTEXTO Y CON VISIÓN PROSPECTIVA.', 'Transversal'),
(15, 'CONSTRUIR EL MODELO CONCEPTUAL DEL MACROSISTEMA FRENTE A LOSREQUERIMIENTOS DEL CLIENTE, MEDIANTE EL USO E INTERPRETACIÓN DE LAINFORMACIÓN LEVANTADA, REPRESENTADO EN DIAGRAMAS DE CLASE, DEINTERACCIÓN, COLABORACIÓN Y CONTRATOS DE OPERACIÓN, DE ACUERDO CON LASDIFERENTES SECUENCIAS, FASES Y PROCEDIMIENTOS DEL SISTEMA.', 'Específico'),
(16, 'ELABORAR EL INFORME DE LOS RESULTADOS DEL ANÁLISIS DEL SISTEMA DEINFORMACIÓN, DE ACUERDO CON LOS REQUERIMIENTOS DEL CLIENTE SEGÚNNORMAS Y PROTOCOLOS ESTABLECIDOS.', 'Específico'),
(17, 'REPRESENTA EL BOSQUEJO DE LA SOLUCIÓN AL PROBLEMA PRESENTADO POR ELCLIENTE, MEDIANTE LA ELABORACIÓN DE DIAGRAMAS DE CASOS DE USO, APOYADOEN EL ANÁLISIS DEL INFORME DE REQUERIMIENTOS, AL CONFRONTAR LA SITUACIÓNPROBLEMICA CON EL USUARIO SEGÚN NORMAS Y PROTOCOLOS DE LA ORGANIZACIÓN', 'Específico'),
(18, 'LEER TEXTOS MUY BREVES Y SENCILLOS EN INGLÉS GENERAL Y TÉCNICO', 'Clave'),
(19, 'PLANTEAR DIFERENTES ALTERNATIVAS, DE MODELOS TECNOLÓGICOS DE INFORMACIÓNEMPRESARIAL, TENIENDO EN CUENTA LA PLATAFORMA TECNOLÓGICA DE LA EMPRESAY LAS TENDENCIAS DEL MERCADO, PARA DAR SOLUCIÓN A LAS SITUACIONESRELACIONADAS CON EL MANEJO DE LA INFORMACIÓN DE LA ORGANIZACIÓN.', 'Específico'),
(20, 'INTERPRETAR EL DIAGNÓSTICO DE NECESIDADES INFORMÁTICAS, PARA DETERMINARLAS TECNOLÓGICAS REQUERIDAS EN EL MANEJO DE LA INFORMACIÓN, DE ACUERDOCON LAS NORMAS Y PROTOCOLOS ESTABLECIDOS POR LA EMPRESA.', 'Específico'),
(21, 'REPRODUCIR EN INGLÉS FRASES O ENUNCIADOS SIMPLES QUE PERMITAN EXPRESAR DE FORMA LENTA IDEAS O CONCEPTOS', 'Clave'),
(22, 'DESARROLLAR PERMANENTEMENTE LAS HABILIDADES PSICOMOTRICES Y DE PENSAMIENTO EN LA EJECUCIÓN DE LOS PROCESOS DE APRENDIZAJE.', 'Transversal'),
(23, 'GENERAR HÁBITOS SALUDABLES EN SU ESTILO DE VIDA PARA GARANTIZAR LA PREVENCIÓN DE RIESGOS OCUPACIONALES DE ACUERDO CON EL DIAGNÓSTICO DE SU CONDICIÓN FÍSICA INDIVIDUAL Y LA NATURALEZA Y COMPLEJIDAD DE SU DESEMPEÑO LABORAL.', 'Transversal'),
(24, 'GENERAR PROCESOS AUTÓNOMOS Y DE TRABAJO COLABORATIVO PERMANENTES, FORTALECIENDO EL EQUILIBRIO DE LOS COMPONENTES RACIONALES Y EMOCIONALES ORIENTADOS HACIA EL DESARROLLO HUMANO INTEGRAL.', 'Transversal'),
(25, 'IDENTIFICAR LOS PUNTOS CRÍTICOS DE CONTROL EN LOS PROCESOS DE DESARROLLODE SOFTWARE, PARA ESTABLECER LAS ACCIONES A SEGUIR, GARANTIZANDO ELCUMPLIMIENTO DE LOS ESTÁNDARES DE CALIDAD, SIGUIENDO LOS LINEAMIENTOSESTABLECIDOS POR LA ORGANIZACIÓN', 'Específico'),
(26, 'ENCONTRAR INFORMACIÓN ESPECÍFICA Y PREDECIBLE EN ESCRITOS SENCILLOS Y COTIDIANOS', 'Clave'),
(27, 'ENCONTRAR VOCABULARIO Y EXPRESIONES DE INGLÉS TÉCNICO EN ANUNCIOS, FOLLETOS, PÁGINAS WEB, ETC', 'Clave'),
(28, 'CONSTRUIR EL PROTOTIPO DEL SISTEMA DE INFORMACIÓN, A PARTIR DEL ANÁLISIS DELAS CARACTERÍSTICAS FUNCIONALES DEL SISTEMA EN RELACIÓN CON FACILIDAD DEMANEJO, FUNCIONALIDAD Y EXPERIENCIA DEL USUARIO, APOYADO EN SOFTWAREAPLICADO SEGÚN PROTOCOLOS DE DISEÑO.', 'Específico'),
(29, 'DISEÑAR LA ARQUITECTURA DEL SOFTWARE, MEDIANTE LA INTERPRETACIÓN DE LASCLASES, OBJETOS Y MECANISMOS DE COLABORACIÓN, UTILIZANDO HERRAMIENTASTECNOLÓGICAS DE DISEÑO, DE ACUERDO CON LAS TENDENCIAS DE LASTECNOLOGÍAS DE LA INFORMACIÓN Y LA COMUNICACIÓN.', 'Específico'),
(30, 'DISEÑAR LA ARQUITECTURA TECNOLÓGICA DEL SISTEMA DE INFORMACIÓN, MEDIANTEEL RECONOCIMIENTO DE HARDWARE Y SOFTWARE, DE ACUERDO CON LA TECNOLOGÍADISPONIBLE EN EL MERCADO, EL INFORME DE ANÁLISIS LEVANTADO Y EL DIAGRAMADE DISTRIBUCIÓN', 'Específico'),
(31, 'DISEÑAR LA ESTRUCTURA DE DATOS, A PARTIR DEL MODELO CONCEPTUALDETERMINADO EN EL ANÁLISIS DEL SISTEMA, UTILIZANDO HERRAMIENTASTECNOLÓGICAS DE BASES DE DATOS, SEGÚN LAS NORMAS Y ESTÁNDARESESTABLECIDOS', 'Específico'),
(32, 'ELABORAR EL INFORME DE DISEÑO DEL SISTEMA DE INFORMACIÓN, DE ACUERDOCON LA SELECCIÓN DE LAS HERRAMIENTAS, TANTO DE SOFTWARE COMO DEHARDWARE, REQUERIDAS PARA LA SOLUCIÓN INFORMÁTICA.', 'Específico'),
(33, 'DEFINIR ESTRATEGIAS PARA LA ELABORACIÓN DE TÉRMINOS DE REFERENCIA YPROCESOS DE EVALUACIÓN DE PROVEEDORES, EN LA ADQUISICIÓN DE TECNOLOGÍA,SEGÚN PROTOCOLOS ESTABLECIDOS.', 'Específico'),
(34, 'PARTICIPAR EN LOS PERFECCIONAMIENTOS DE CONTRATOS INFORMÁTICOS,ESTABLECIENDO CLÁUSULAS TÉCNICAS, QUE RESPONDAN A LAS NECESIDADES DELOS ACTORES DE LA NEGOCIACIÓN, DE ACUERDO CON LA LEY DE CONTRATACIÓN', 'Específico'),
(35, 'COMPRENDER UNA AMPLIA VARIEDAD DE FRASES Y VOCABULARIO  EN INGLÉS SOBRE TEMAS DE INTERÉS PERSONAL Y TEMAS TÉCNICOS', 'Clave'),
(36, 'IDENTIFICAR FORMAS GRAMATICALES BÁSICAS EN TEXTOS Y DOCUMENTOS ELEMENTALES ESCRITOS EN INGLÉS', 'Clave'),
(37, 'ASUMIR ACTITUDES CRÍTICAS , ARGUMENTATIVAS Y PROPOSITIVAS EN FUNCIÓN DE LA RESOLUCIÓN DE PROBLEMAS DE CARÁCTER PRODUCTIVO Y SOCIAL.', 'Transversal'),
(38, 'ASUMIR RESPONSABLEMENTE LOS CRITERIOS DE PRESERVACIÓN Y CONSERVACIÓN DEL MEDIO AMBIENTE Y DE DESARROLLO SOSTENIBLE, EN EL EJERCICIO DE SU DESEMPEÑO LABORAL Y SOCIAL.', 'Transversal'),
(39, 'DESARROLLAR PROCESOS COMUNICATIVOS EFICACES Y ASERTIVOS DENTRO DE CRITERIOS DE RACIONALIDAD QUE POSIBILITEN LA CONVIVENCIA, EL ESTABLECIMIENTO DE ACUERDOS, LA CONSTRUCCIÓN COLECTIVA DEL CONOCIMIENTO Y LA RESOLUCIÓN DE PROBLEMAS DE CARÁCTER PRODUCTIVO Y SOCIAL.', 'Transversal'),
(40, 'CONSTRUIR EL PROGRAMA DE INSTALACIÓN DEL APLICATIVO, UTILIZANDO LASHERRAMIENTAS DE DESARROLLO DISPONIBLES EN EL MERCADO, SEGÚN LASCARACTERÍSTICAS DE LA ARQUITECTURA DE LA SOLUCIÓN', 'Específico'),
(41, 'REALIZAR LA CODIFICACIÓN DE LOS MÓDULOS DEL SISTEMA Y EL PROGRAMAPRINCIPAL, A PARTIR DE LA UTILIZACIÓN DEL LENGUAJE DE PROGRAMACIÓNSELECCIONADO, DE ACUERDO CON LAS ESPECIFICACIONES DEL DISEÑO', 'Específico'),
(42, 'APLICAR TÉCNICAS DE CULTURA FÍSICA PARA EL MEJORAMIENTO DE SU EXPRESIÓN CORPORAL, DESEMPEÑO LABORAL SEGÚN LA NATURALEZA Y COMPLEJIDAD DEL ÁREA OCUPACIONAL.', 'Transversal'),
(43, 'APLICAR LOS ESTÁNDARES DE CALIDAD INVOLUCRADOS EN LOS PROCESOS DEDESARROLLO DE SOFTWARE, SIGUIENDO EL PLAN ESTABLECIDO PARA MANTENER LAINTEGRIDAD DE LOS PRODUCTOS DE TRABAJO DEFINIDOS, SEGÚN LAS PRÁCTICASDE CONFIGURACIÓN ESTABLECIDAS POR LA EMPRESA', 'Específico'),
(44, 'COMUNICARSE EN TAREAS SENCILLAS Y HABITUALES QUE REQUIEREN UN INTERCAMBIO SIMPLE Y DIRECTO DE INFORMACIÓN COTIDIANA Y TÉCNICA', 'Clave'),
(45, 'CONSTRUIR LA BASE DE DATOS, A PARTIR DEL MODELO DE DATOS DETERMINADO ENEL DISEÑO DEL SISTEMA, UTILIZANDO SISTEMAS DE GESTIÓN DE BASE DE DATOS,SEGÚN LOS PROTOCOLOS ESTABLECIDOS EN LA ORGANIZACIÓN', 'Específico'),
(46, 'CONSTRUIR LA INTERFAZ DE USUARIO, APOYADO EN LA EVALUACIÓN DEL PROTOTIPO,DETERMINANDO LAS ENTRADAS Y SALIDAS REQUERIDAS EN EL DISEÑO Y DEFINIENDOLOS LINEAMIENTOS PARA LA NAVEGACIÓN, DE ACUERDO CON LAS NECESIDADES DELUSUARIO', 'Específico'),
(47, 'INTERPRETAR EL INFORME TÉCNICO DE DISEÑO, PARA DETERMINAR EL PLAN DETRABAJO DURANTE LA FASE DE CONSTRUCCIÓN DEL SOFTWARE, DE ACUERDO CON LASNORMAS Y PROTOCOLOS ESTABLECIDOS EN LA EMPRESA.', 'Específico'),
(48, 'APLICAR POLÍTICAS Y MECANISMOS DE CONTROL EN EL DISEÑO DEL SISTEMA DEINFORMACIÓN, MEDIANTE EL ANÁLISIS DE LA VULNERABILIDAD DE LA INFORMACIÓN,SIGUIENDO LOS PARÁMETROS ESTABLECIDOS POR LA ORGANIZACIÓN.', 'Específico'),
(49, 'BUSCAR DE MANERA SISTEMÁTICA INFORMACIÓN ESPECÍFICA Y DETALLADA EN ESCRITOS EN INGLÉS, MAS ESTRUCTURADOS Y CON MAYOR CONTENIDO TÉCNICO', 'Clave'),
(50, 'ELABORAR INSTRUMENTOS E INSTRUCTIVOS, REQUERIDOS POR EL ASEGURAMIENTODE LA CALIDAD, PARA DOCUMENTAR Y EVALUAR LOS PROCESOS DE DESARROLLO DESOFTWARE, DE ACUERDO CON LAS NORMAS Y PROCEDIMIENTOS ESTABLECIDASPOR LA EMPRESA', 'Específico'),
(51, 'EVALUAR PROCESOS Y PRODUCTOS DE DESARROLLO DE SOFTWARE, DOCUMENTAR YCONCERTAR ACCIONES A SEGUIR, PARA GARANTIZAR EL CUMPLIMIENTO DE LASNORMAS ESTABLECIDAS, DE ACUERDO CON EL PLAN DEFINIDO Y CON LOS CRITERIOSDE MEDICIÓN, MÉTRICAS Y POLÍTICAS DETERMINADOS POR LA EMPRESA', 'Específico'),
(52, 'REALIZAR INTERCAMBIOS SOCIALES Y PRÁCTICOS MUY BREVES, CON UN VOCABULARIO SUFICIENTE PARA HACER UNA EXPOSICIÓN O MANTENER UNA CONVERSACIÓN SENCILLA SOBRE TEMAS TÉCNICOS', 'Clave'),
(53, 'ELABORAR EL INFORME SOBRE EL CUMPLIMIENTO DE LOS TÉRMINOS DE REFERENCIAPREVISTOS EN LA NEGOCIACIÓN, DE ACUERDO CON LA PARTICIPACIÓN DE CADA UNODE LOS ACTORES EN RELACIÓN CON LA SATISFACCIÓN DE LOS BIENES INFORMÁTICOSCONTRATADOS Y RECIBIDOS, SEGÚN NORMAS Y PROTOCOLOS DE LA ORGANIZACIÓN.', 'Específico'),
(54, 'COMPRENDER LAS IDEAS PRINCIPALES DE TEXTOS COMPLEJOS EN INGLÉS QUE TRATAN DE TEMAS TANTO CONCRETOS COMO ABSTRACTOS, INCLUSO SI SON DE CARÁCTER TÉCNICO, SIEMPRE QUE ESTÉN DENTRO DE SU CAMPO DE ESPECIALIZACIÓN', 'Clave'),
(55, 'LEER TEXTOS COMPLEJOS Y CON UN VOCABULARIO MÁS ESPECÍFICO, EN INGLÉS GENERAL Y TÉCNICO', 'Clave'),
(56, 'ELABORAR EL INFORME FINAL DEL PROCESO DE GESTIÓN DE CALIDAD EN ELDESARROLLO DE SOFTWARE, QUE CONSOLIDE LA INFORMACIÓN DE LAS EVIDENCIAS,HALLAZGOS Y NOVEDADES FRENTE AL SEGUIMIENTO Y CONTROL DE LOS PRODUCTOS,SEGÚN NORMAS INTERNACIONALES Y PROTOCOLOS DE LA ORGANIZACIÓN..', 'Específico'),
(57, 'EJECUTAR Y DOCUMENTAR LAS PRUEBAS DEL SOFTWARE, APLICANDO TÉCNICAS DEENSAYO-ERROR, DE ACUERDO CON EL PLAN DISEÑADO Y LOS PROCEDIMIENTOSESTABLECIDOS POR LA EMPRESA', 'Específico'),
(58, 'ELABORAR EL MANUAL TÉCNICO DE LA APLICACIÓN, DE ACUERDO CON LACOMPLEJIDAD DEL APLICATIVO Y SEGÚN NORMAS Y PROCEDIMIENTOS ESTABLECIDOSPOR LA EMPRESA.', 'Específico'),
(59, 'CAPACITAR A LOS USUARIOS DEL SISTEMA, SOBRE LA ESTRUCTURACIÓN Y EL MANEJODEL APLICATIVO, DE ACUERDO CON EL PLAN ESTABLECIDO, EL PERFIL DE LOSUSUARIOS, SEGÚN POLÍTICAS DE LA ORGANIZACIÓN', 'Específico'),
(60, 'CONFIGURAR EL SOFTWARE DE LA APLICACIÓN PARA CLIENTE Y SERVIDOR, MEDIANTELA UTILIZACIÓN DEL HARDWARE DISPONIBLE, EJECUTÁNDOLA EN LA PLATAFORMATECNOLÓGICA, SEGÚN NORMAS Y PROTOCOLOS ESTABLECIDOS POR LA EMPRESA.', 'Específico'),
(61, 'ENCONTRAR Y UTILIZAR SIN ESFUERZO VOCABULARIO Y EXPRESIONES DE INGLÉS TÉCNICO EN ARTÍCULOS DE REVISTAS, LIBROS ESPECIALIZADOS, PÁGINAS WEB, ETC', 'Clave'),
(62, 'RELACIONARSE CON HABLANTES NATIVOS EN UN GRADO SUFICIENTE DE FLUIDEZ Y NATURALIDAD, DE MODO QUE LA COMUNICACIÓN SE REALICE SIN ESFUERZO POR PARTE DE LOS INTERLOCUTORES', 'Clave'),
(63, 'DEFINIR ESTRATEGIAS PARA LA VALIDACIÓN DE MANUALES DE USUARIO Y DEOPERACIÓN, RESPONDIENDO A LAS NECESIDADES Y SATISFACCIÓN DEL CLIENTE,FRENTE A LA SOLUCIÓN INFORMÁTICA PROPUESTA, SEGÚN POLÍTICAS DE LAORGANIZACIÓN', 'Específico'),
(64, 'ELABORAR EL INFORME ADMINISTRATIVO, SIGUIENDO LOS PROTOCOLOS DE LAORGANIZACIÓN, BASADO EN LOS PLANES DE INSTALACIÓN, RESPALDO Y MIGRACIÓNDEL SISTEMA DE INFORMACIÓN, FACILITANDO LA OPERATIVIDAD Y MANTENIMIENTODE LA SOLUCIÓN INFORMÁTICA', 'Específico'),
(65, 'ELABORAR INFORMES TÉCNICOS RELACIONADOS CON LA SOLUCIÓN INFORMÁTICAIMPLANTADA, DE ACUERDO CON LAS PROPUESTAS DE ALTERNATIVAS APLICADAS,TENIENDO EN CUENTA LAS TÉCNICAS DE COMUNICACIÓN Y SEGÚN NORMAS YPROTOCOLOS ESTABLECIDOS.', 'Específico'),
(66, 'APLICAR EN LA RESOLUCIÓN DE PROBLEMAS REALES DEL SECTOR PRODUCTIVO, LOS CONOCIMIENTOS, HABILIDADES Y DESTREZAS PERTINENTES A LAS COMPETENCIAS DEL PROGRAMA DE FORMACIÓN ASUMIENDO ESTRATEGIAS Y METODOLOGÍAS DE AUTOGESTIÓN', 'Específico');

-- --------------------------------------------------------

--
-- Estructura de tabla para la tabla `resultado_competencia_programa`
--

CREATE TABLE `resultado_competencia_programa` (
  `id` int NOT NULL,
  `comp_id` int NOT NULL,
  `resultado_id` int DEFAULT NULL,
  `programa_id` int DEFAULT NULL
) ENGINE=InnoDB DEFAULT CHARSET=utf8mb4 COLLATE=utf8mb4_0900_ai_ci;

--
-- Volcado de datos para la tabla `resultado_competencia_programa`
--

INSERT INTO `resultado_competencia_programa` (`id`, `comp_id`, `resultado_id`, `programa_id`) VALUES
(1, 1, 1, 1),
(2, 2, 2, 1),
(3, 3, 3, 1),
(4, 4, 4, 1),
(5, 5, 5, 1),
(6, 6, 6, 1),
(7, 7, 7, 1),
(8, 8, 8, 1),
(9, 9, 9, 1),
(10, 10, 10, 1),
(11, 11, 11, 1),
(12, 12, 12, 1),
(13, 13, 13, 1),
(14, 14, 14, 1),
(15, 15, 15, 1),
(16, 16, 16, 1),
(17, 17, 17, 1),
(18, 18, 18, 1),
(19, 19, 19, 1),
(20, 20, 20, 1),
(21, 21, 21, 1),
(22, 22, 22, 1),
(23, 23, 23, 1),
(24, 24, 24, 1),
(25, 25, 25, 1),
(26, 26, 26, 1),
(27, 27, 27, 1),
(28, 28, 28, 1),
(29, 29, 29, 1),
(30, 30, 30, 1),
(31, 31, 31, 1),
(32, 32, 32, 1),
(33, 33, 33, 1),
(34, 34, 34, 1),
(35, 35, 35, 1),
(36, 36, 36, 1),
(37, 37, 37, 1),
(38, 38, 38, 1),
(39, 39, 39, 1),
(40, 40, 40, 1),
(41, 41, 41, 1),
(42, 42, 42, 1),
(43, 43, 43, 1),
(44, 44, 44, 1),
(45, 45, 45, 1),
(46, 46, 46, 1),
(47, 47, 47, 1),
(48, 48, 48, 1),
(49, 49, 49, 1),
(50, 50, 50, 1),
(51, 51, 51, 1),
(52, 52, 52, 1),
(53, 53, 53, 1),
(54, 54, 54, 1),
(55, 55, 55, 1),
(56, 56, 56, 1),
(57, 57, 57, 1),
(58, 58, 58, 1),
(59, 59, 59, 1),
(60, 60, 60, 1),
(61, 61, 61, 1),
(62, 62, 62, 1),
(63, 63, 63, 1),
(64, 64, 64, 1),
(65, 65, 65, 1),
(66, 66, 66, 1),
(67, 1, 1, 2),
(68, 2, 2, 2),
(69, 3, 3, 2),
(70, 4, 4, 2),
(71, 5, 5, 2),
(72, 6, 6, 2),
(73, 7, 7, 2),
(74, 8, 8, 2),
(75, 9, 9, 2),
(76, 10, 10, 2),
(77, 11, 11, 2),
(78, 12, 12, 2),
(79, 13, 13, 2),
(80, 14, 14, 2),
(81, 15, 15, 2),
(82, 16, 16, 2),
(83, 17, 17, 2),
(84, 18, 18, 2),
(85, 19, 19, 2),
(86, 20, 20, 2),
(87, 21, 21, 2),
(88, 1, 1, 3),
(89, 2, 2, 3),
(90, 3, 3, 3),
(91, 4, 4, 3),
(92, 5, 5, 3),
(93, 6, 6, 3),
(94, 7, 7, 3),
(95, 8, 8, 3),
(96, 9, 9, 3),
(97, 10, 10, 3),
(98, 11, 11, 3),
(99, 12, 12, 3),
(100, 13, 13, 3),
(101, 14, 14, 3);

-- --------------------------------------------------------

--
-- Estructura de tabla para la tabla `usuarios`
--

CREATE TABLE `usuarios` (
  `id_usuario` int NOT NULL,
  `nombre` varchar(30) DEFAULT NULL,
  `apellido` varchar(30) DEFAULT NULL,
  `usuario` varchar(30) DEFAULT NULL,
  `pw` varchar(20) DEFAULT NULL,
  `rol` enum('administrador','instructor','coordinador') DEFAULT NULL,
  `correo` varchar(50) DEFAULT NULL,
  `telefono` varchar(10) DEFAULT NULL
) ENGINE=InnoDB DEFAULT CHARSET=utf8mb4 COLLATE=utf8mb4_0900_ai_ci;

--
-- Volcado de datos para la tabla `usuarios`
--

INSERT INTO `usuarios` (`id_usuario`, `nombre`, `apellido`, `usuario`, `pw`, `rol`, `correo`, `telefono`) VALUES
(1, 'admin', 'admin', 'admin', 'admin', 'administrador', 'admin@admin.com', '123'),
(2, 'instructor', 'instructor', 'instructor', 'instructor', 'instructor', 'instructor@instructor.com', '123');

--
-- Índices para tablas volcadas
--

--
-- Indices de la tabla `actividad`
--
ALTER TABLE `actividad`
  ADD PRIMARY KEY (`act_id`);

--
-- Indices de la tabla `centro`
--
ALTER TABLE `centro`
  ADD PRIMARY KEY (`centro_id`),
  ADD KEY `centro_regional` (`centro_regional`);

--
-- Indices de la tabla `centro_tiene_programa`
--
ALTER TABLE `centro_tiene_programa`
  ADD PRIMARY KEY (`centroprograma_id`),
  ADD KEY `centro_id` (`centro_id`),
  ADD KEY `progra_id` (`progra_id`);

--
-- Indices de la tabla `competencia`
--
ALTER TABLE `competencia`
  ADD PRIMARY KEY (`comp_id`);

--
-- Indices de la tabla `fase`
--
ALTER TABLE `fase`
  ADD PRIMARY KEY (`fase_id`);

--
-- Indices de la tabla `fichas`
--
ALTER TABLE `fichas`
  ADD PRIMARY KEY (`id_ficha`),
  ADD KEY `nombre_programa` (`nombre_programa`),
  ADD KEY `lider_ficha` (`lider_ficha`);

--
-- Indices de la tabla `programa`
--
ALTER TABLE `programa`
  ADD PRIMARY KEY (`id_programa`);

--
-- Indices de la tabla `rap`
--
ALTER TABLE `rap`
  ADD PRIMARY KEY (`id`),
  ADD UNIQUE KEY `ficha_id` (`ficha_id`,`rcp_id`),
  ADD KEY `fase_id` (`fase_id`),
  ADD KEY `act_id` (`act_id`),
  ADD KEY `rap_ibfk_4` (`rcp_id`);

--
-- Indices de la tabla `regional`
--
ALTER TABLE `regional`
  ADD PRIMARY KEY (`reg_id`),
  ADD KEY `reg_usuario` (`reg_usuario`);

--
-- Indices de la tabla `resultados`
--
ALTER TABLE `resultados`
  ADD PRIMARY KEY (`id`);

--
-- Indices de la tabla `resultado_competencia_programa`
--
ALTER TABLE `resultado_competencia_programa`
  ADD PRIMARY KEY (`id`),
  ADD KEY `programa_id` (`programa_id`),
  ADD KEY `resultado_id` (`resultado_id`),
  ADD KEY `comp_id` (`comp_id`);

--
-- Indices de la tabla `usuarios`
--
ALTER TABLE `usuarios`
  ADD PRIMARY KEY (`id_usuario`);

--
-- AUTO_INCREMENT de las tablas volcadas
--

--
-- AUTO_INCREMENT de la tabla `actividad`
--
ALTER TABLE `actividad`
  MODIFY `act_id` int NOT NULL AUTO_INCREMENT, AUTO_INCREMENT=10;

--
-- AUTO_INCREMENT de la tabla `centro`
--
ALTER TABLE `centro`
  MODIFY `centro_id` int NOT NULL AUTO_INCREMENT;

--
-- AUTO_INCREMENT de la tabla `centro_tiene_programa`
--
ALTER TABLE `centro_tiene_programa`
  MODIFY `centroprograma_id` int NOT NULL AUTO_INCREMENT;

--
-- AUTO_INCREMENT de la tabla `competencia`
--
ALTER TABLE `competencia`
  MODIFY `comp_id` int NOT NULL AUTO_INCREMENT, AUTO_INCREMENT=67;

--
-- AUTO_INCREMENT de la tabla `fase`
--
ALTER TABLE `fase`
  MODIFY `fase_id` int NOT NULL AUTO_INCREMENT, AUTO_INCREMENT=8;

--
-- AUTO_INCREMENT de la tabla `programa`
--
ALTER TABLE `programa`
  MODIFY `id_programa` int NOT NULL AUTO_INCREMENT, AUTO_INCREMENT=21;

--
-- AUTO_INCREMENT de la tabla `rap`
--
ALTER TABLE `rap`
  MODIFY `id` int NOT NULL AUTO_INCREMENT, AUTO_INCREMENT=413;

--
-- AUTO_INCREMENT de la tabla `regional`
--
ALTER TABLE `regional`
  MODIFY `reg_id` int NOT NULL AUTO_INCREMENT;

--
-- AUTO_INCREMENT de la tabla `resultados`
--
ALTER TABLE `resultados`
  MODIFY `id` int NOT NULL AUTO_INCREMENT, AUTO_INCREMENT=67;

--
-- AUTO_INCREMENT de la tabla `resultado_competencia_programa`
--
ALTER TABLE `resultado_competencia_programa`
  MODIFY `id` int NOT NULL AUTO_INCREMENT, AUTO_INCREMENT=102;

--
-- AUTO_INCREMENT de la tabla `usuarios`
--
ALTER TABLE `usuarios`
  MODIFY `id_usuario` int NOT NULL AUTO_INCREMENT, AUTO_INCREMENT=3;

--
-- Restricciones para tablas volcadas
--

--
-- Filtros para la tabla `centro`
--
ALTER TABLE `centro`
  ADD CONSTRAINT `centro_ibfk_1` FOREIGN KEY (`centro_regional`) REFERENCES `regional` (`reg_id`);

--
-- Filtros para la tabla `centro_tiene_programa`
--
ALTER TABLE `centro_tiene_programa`
  ADD CONSTRAINT `centro_tiene_programa_ibfk_1` FOREIGN KEY (`centro_id`) REFERENCES `centro` (`centro_id`),
  ADD CONSTRAINT `centro_tiene_programa_ibfk_2` FOREIGN KEY (`progra_id`) REFERENCES `programa` (`id_programa`);

--
-- Filtros para la tabla `fichas`
--
ALTER TABLE `fichas`
  ADD CONSTRAINT `fichas_ibfk_1` FOREIGN KEY (`nombre_programa`) REFERENCES `programa` (`id_programa`),
  ADD CONSTRAINT `fichas_ibfk_2` FOREIGN KEY (`lider_ficha`) REFERENCES `usuarios` (`id_usuario`);

--
-- Filtros para la tabla `rap`
--
ALTER TABLE `rap`
  ADD CONSTRAINT `rap_ibfk_1` FOREIGN KEY (`ficha_id`) REFERENCES `fichas` (`id_ficha`) ON DELETE CASCADE ON UPDATE CASCADE,
  ADD CONSTRAINT `rap_ibfk_2` FOREIGN KEY (`fase_id`) REFERENCES `fase` (`fase_id`),
  ADD CONSTRAINT `rap_ibfk_3` FOREIGN KEY (`act_id`) REFERENCES `actividad` (`act_id`),
  ADD CONSTRAINT `rap_ibfk_4` FOREIGN KEY (`rcp_id`) REFERENCES `resultado_competencia_programa` (`id`) ON DELETE CASCADE ON UPDATE CASCADE;

--
-- Filtros para la tabla `regional`
--
ALTER TABLE `regional`
  ADD CONSTRAINT `regional_ibfk_1` FOREIGN KEY (`reg_usuario`) REFERENCES `usuarios` (`id_usuario`);

--
-- Filtros para la tabla `resultado_competencia_programa`
--
ALTER TABLE `resultado_competencia_programa`
  ADD CONSTRAINT `resultado_competencia_programa_ibfk_1` FOREIGN KEY (`programa_id`) REFERENCES `programa` (`id_programa`),
  ADD CONSTRAINT `resultado_competencia_programa_ibfk_2` FOREIGN KEY (`resultado_id`) REFERENCES `resultados` (`id`),
  ADD CONSTRAINT `resultado_competencia_programa_ibfk_3` FOREIGN KEY (`comp_id`) REFERENCES `competencia` (`comp_id`);
COMMIT;

/*!40101 SET CHARACTER_SET_CLIENT=@OLD_CHARACTER_SET_CLIENT */;
/*!40101 SET CHARACTER_SET_RESULTS=@OLD_CHARACTER_SET_RESULTS */;
/*!40101 SET COLLATION_CONNECTION=@OLD_COLLATION_CONNECTION */;
